Item Number,Item Title,Item Description,Treatment Friendly Name,Private,Medicare,Vet Affairs,VGDS,VGDS PAT,Surfaces,,,,,,,,,,,,,,,,
11,Comprehensive oral examination,"A comprehensive evaluation and recording of the current status of the dentition, mouth and associated structures performed on a patient.",Initial examination,80,25.2,59.8,25.55,4,-,,,,,,,,,,,,,,,,
12,Periodic oral examination,"An evaluation of the dentition, mouth and associated structures performed on a patient of record to determine any changes in the patient’s oral and medical health status since a previous comprehensive or periodic examination.",Examination periodic,60,23.1,49.65,0,0,-,,,,,,,,,,,,,,,,
13,Oral examination – limited,"A limited evaluation of the dentition, mouth and associated structures performed on a patient. This may be for a specific oral health problem or complaint.",Emergency Oral Examination ,50,0,31.25,19.05,0,-,,,,,,,,,,,,,,,,
14,Consultation,A consultation to seek advice or discuss treatment options regarding a specific dental or oral condition.,Consultation including examination,95,28,0,0,0,-,,,,,,,,,,,,,,,,
15,Consultation – extended (30 minutes or more),An extended consultation to seek advice or discuss treatment options regarding a specific dental or oral complaint.,Extended Consultation,130,0,105.6,0,0,-,,,,,,,,,,,,,,,,
16,Consultation by referral,A consultation with a patient referred by a dental or medical practitioner for an opinion or management of a specific dental disorder.,Consultation by referral ,65,0,116.7,0,0,-,,,,,,,,,,,,,,,,
17,Consultation by referral – extended (30 minutes or more),An extended consultation with a patient referred by a dental or medical practitioner for an opinion or management of a specific dental disorder.,Consultation by referral - extended,110,0,0,0,0,-,,,,,,,,,,,,,,,,
18,Written report (not elsewhere included),A written report not addressed to a referring practitioner involved in the patient’s care.,Written report ,140,0,50.55,0,0,-,,,,,,,,,,,,,,,,
19,Referral,The preparation of correspondence referring a patient to another practitioner and providing appropriate information.,Letter of referral,45,0,11.9,0,0,-,,,,,,,,,,,,,,,,
22,Intraoral radiograph – per exposure,Taking and interpreting an intraoral radiograph.,Intra Oral periapical x-ray,60,26,42.1,24.45,4,-,,,,,,,,,,,,,,,,
26,Cone Beam Computed Tomography – scan acquisition – per appointment,Acquisition of a Cone Beam Computed Tomography (CBCT) scan and the associated images.,CBCT scan per appointment,75,0,0,,,-,,,,,,,,,,,,,,,,
31,"Extraoral radiograph – maxillary, mandibular – per exposure",Taking and interpreting a radiograph of the upper and/or lower jaw using a film placed outside the mouth.,Extra Oral x-ray,100,0,75.3,0,0,,,,,,,,,,,,,,,,,
33,"Lateral, antero-posterior, postero-anterior or submento-vertex radiograph of the skull – per exposure","Taking and interpreting an extraoral radiograph of the head taken from the lateral, antero-posterior, postero-anterior or submento-vertex of the skull.",,,,,,,,,,,,,,,,,,,,,,,
35,Radiograph of temporomandibular joint – per exposure,Taking and interpreting a radiograph of the temporomandibular joint.,,,,,,,,,,,,,,,,,,,,,,,
36,"Cephalometric radiograph – lateral, antero-posterior, postero-anterior or submento-vertex – per exposure","Taking and interpreting a radiograph of the head taken from the side, the front or the back or through the vertex of the skull for the purpose of measurement and analysis.","Cephalometric x-ray (lat, ant-post, post-ant or sub ver)",130,0,0,0,0,,,,,,,,,,,,,,,,,
37,Panoramic radiograph – per exposure,Taking and interpreting an extraoral radiograph presenting a panoramic view of part or all of the mandible and/or maxilla and/or adjacent structures.,Panoramic x-ray (OPG) ,130,60,107.05,0,0,,,,,,,,,,,,,,,,,
38,Hand-wrist radiograph for skeletal age assessment,"Taking and interpreting a radiograph of the wrist bones, used to assess the degree of skeletal development and maturity.",,,,,,,,,,,,,,,,,,,,,,,
39,Computed Tomography of the skull or parts thereof,A radiograph is made of a region using tomographic X-ray equipment that may produce a series of diagnostic images.,Tomography of the skull or parts of,75,0,159.65,0,0,,,,,,,,,,,,,,,,,
41,Bacteriological examination,An examination for bacteria or other microorganisms in samples obtained from the patient.,,,,,,,,,,,,,,,,,,,,,,,
42,Culture examination and identification,A sample is taken from oral material and is cultured for examination and identification of the microorganisms present.,,,,,,,,,,,,,,,,,,,,,,,
43,Antibiotic sensitivity test,A laboratory procedure where a live culture of a suspected pathogen is challenged with antibiotic samples to determine the sensitivity or resistance of the microorganisms to the antibiotics tested.,,,,,,,,,,,,,,,,,,,,,,,
44,Collection of specimen for pathology examination,The non-surgical collection and preparation for transport of a specimen for examination at a pathology laboratory.,,,,,,,,,,,,,,,,,,,,,,,
47,Saliva screening test,Testing a saliva sample to assess its physiological properties.,Caries activity screening test,0,0,43.5,0,0,,,,,,,,,,,,,,,,,
48,Microbiological screening test,Microbiological assessment of a sample.,,,,,,,,,,,,,,,,,,,,,,,
51,Biopsy of tissue,A surgical procedure to obtain a sample of tissue for pathological examination.,Biopsy of tissue (sample of tissue) ,220,0,133.05,0,0,,,,,,,,,,,,,,,,,
52,Histopathological examination of tissue,A histopathological examination to determine the disease status of a section of tissue.,,,,,,,,,,,,,,,,,,,,,,,
53,Cytological investigation,A microscopic examination of cells obtained from a smear or in situ staining of a suspected lesion to determine any aberrant characteristics that may suggest that the lesion is malignant or related to some other condition.,,,,,,,,,,,,,,,,,,,,,,,
55,Blood collection,The collection of blood for diagnostic and/or treatment purposes.,,,,,,,,,,,,,,,,,,,,,,,
56,Haematological examination,The haematological examination of a blood sample.,,,,,,,,,,,,,,,,,,,,,,,
57,Procedures to derive biologically active components from a collection of blood,Deriving biologically active components for patient treatment by processing blood collected from the patient.,,,,,,,,,,,,,,,,,,,,,,,
59,Comprehensive head and neck cancer examination and risk assessment,"A specific comprehensive examination that consists of visual inspection and manual palpation of extraoral head and neck structures and intraoral soft tissues, and may involve indirect laryngoscopy or fibre-optic pharyngolaryngoscopy.",,,,,,,,,,,,,,,,,,,,,,,
61,Pulp testing – per appointment,A non-invasive test used to determine the clinical status of the pulp.,Pulp vitality testing,40,0,0,0,0,,,,,,,,,,,,,,,,,
71,Diagnostic model – per model,The production of a physical model from an impression or digital data.,Diagnostic Models - cost per model,95,27,64.9,0,0,,,,,,,,,,,,,,,,,
72,Photographic records – intraoral – per appointment,Photographic images inside the mouth.,Intra Oral photographic records,80,0,34.9,0,0,,,,,,,,,,,,,,,,,
73,Photographic records – extraoral – per appointment,Photographic images showing the face or a region of the head and neck outside the mouth.,Extra Oral photographic records,80,0,34.9,0,0,,,,,,,,,,,,,,,,,
74,Diagnostic modelling – physical – per tooth,Physical modelling (e.g. using wax or other material) to facilitate the development of treatment plan.,Diagnostic Wax up,825,0,170.85,0,0,,,,,,,,,,,,,,,,,
75,Diagnostic modelling – digital – per tooth,Digital modelling to facilitate the development of treatment plan.,Diagnostic Modeling,825,0,0,0,0,,,,,,,,,,,,,,,,,
76,Intraoral evaluation of diagnostic modelling – per tooth or tooth replacement,"A procedure utilising data from 074 or 075 to create an intraoral simulation of proposed treatment to evaluate function, aesthetics and other characteristics.",,,,,,,,,,,,,,,,,,,,,,,
81,Cephalometric analysis – excluding radiographs,The analysis of a cephalometric radiograph by measurement of specific biological landmarks.,,,,,,,,,,,,,,,,,,,,,,,
82,Tooth-jaw size prediction analysis,"The analysis of records, including radiographs and casts, to predict the relationship between the anticipated size of the mandible, the maxilla and the teeth that these bones have to accommodate.",,,,,,,,,,,,,,,,,,,,,,,
83,Tomographic analysis,The analysis of a tomograph by measurement of specific biological landmarks.,,,,,,,,,,,,,,,,,,,,,,,
87,Cone Beam Computed Tomography analysis and/or interpretation – small field of view (less than one complete dental arch),The analysis and/or interpretation of a cone beam computed scan with a limited field of view.,CBCT analysis and/or interpretation- small field of view,75,0,0,0,0,,,,,,,,,,,,,,,,,
88,Cone Beam Computed Tomography analysis and/or interpretation – maxillary or mandibular dentition (single arch),The analysis and/or interpretation of a cone beam computed scan of the maxillary or mandibular dentition and supporting alveolar structures.,CBCT analysis and/or interpretation- single arch ,75,0,0,0,0,,,,,,,,,,,,,,,,,
89,Cone Beam Computed Tomography analysis and/or interpretation – maxillary and mandibular dentition (both arches),The analysis and/or interpretation of a cone beam computed scan of the maxillary and mandibular dentition and supporting alveolar structures.,CBCT analysis and/or interpretation- full mouth,75,0,0,0,0,,,,,,,,,,,,,,,,,
90,Cone Beam Computed Tomography analysis and/or interpretation – temporomandibular joints only,The analysis and/or interpretation of a cone beam computed scan of the temporomandibular joints only.,,,,,,,,,,,,,,,,,,,,,,,
91,Cone Beam Computed Tomography analysis and/or interpretation – orofacial structures,The analysis and/or interpretation of a cone beam computed scan of the entire dentition and supporting alveolar structures.,,,,,,,,,,,,,,,,,,,,,,,
911,Palliative care – per appointment,"An item to describe interim care to relieve pain, infection, bleeding or other problems not associated with other treatment, per appointment.",Palliative care ,0,26,73.45,26.5,0,,,,,,,,,,,,,,,,,
915,After-hours callout,An additional item to describe provision of treatment required after hours. Treatment provided should be itemised.,Telehealth consult after hours,30,0,98.65,0,0,,,,,,,,,,,,,,,,,
916,Travel to provide services,"An additional item to describe travel from the usual place of practice to provide treatment. Not applicable to mobile dental services, branch practices or outreach services. Treatment provided should be itemised separately.",Travelling to patient to provide service/treatment,0,0,71.75,0,0,,,,,,,,,,,,,,,,,
919,Teleconsultation,"The remote provision of consultation and support to a patient by a dental practitioner. Items 131, 141 and 142 should be itemised separately.",,,,,,,,,,,,,,,,,,,,,,,
920,Extended teleconsultation – 30 minutes or more,"The remote provision of an extended consultation and support to a patient by a dental practitioner. Items 131, 141 and 142 should be itemised separately.",,,,,,,,,,,,,,,,,,,,,,,
921,Teleconsultation by referral,"The remote provision by referral of a consultation and support to a patient by a dental practitioner. Items 131, 141 and 142 should be itemised separately.",,,,,,,,,,,,,,,,,,,,,,,
926,Individually made tray – medicament(s),A tray made for the application of medicaments to the teeth or supporting tissues.,Indivdiually made tray medicaments,190,0,170.25,0,0,,,,,,,,,,,,,,,,,
927,Provision of medication/medicament,"The supply, or administration under professional supervision, of appropriate medications and medicaments required for dental treatments.",Provision of medication/medicaments,0,0,29.5,0,0,,,,,,,,,,,,,,,,,
928,Intravenous cannulation and establishment of infusion,"The procedure of performing venepuncture, insertion of a cannula within the lumen of a vein and the establishment of infusion.",,,,,,,,,,,,,,,,,,,,,,,
929,Provision of neuromodulator therapy,Injection of neuromodulators for the treatment of oral and maxillofacial diseases and disorders.,,,,,,,,,,,,,,,,,,,,,,,
981,Splinting and stabilisation – direct – per tooth,The joining of adjacent teeth to provide mutual support (where not covered by item 386 or 387).,Splinting and stabilisation,80,0,104.05,0,0,,,,,,,,,,,,,,,,,
982,Enamel stripping – per appointment,The removal of enamel from the interdental surfaces of a tooth/teeth to reduce width.,Enamel stripping - per visit,100,0,102.25,0,0,,,,,,,,,,,,,,,,,
984,Mandibular advancement appliance for diagnosed snoring and obstructive sleep apnoea,"Provision and appropriate dental supervision of a custom, titratable, removable oral appliance for the treatment of diagnosed snoring and obstructive sleep apnoea disorders.",Insertion and fitting of sleep apnoea device,2200,0,0,0,0,,,,,,,,,,,,,,,,,
985,Repair/addition – snoring or sleep apnoea device,"The repair/addition, reinsertion and adjustment of a snoring or sleep apnoea device. Any impression(s), if required, should be itemised.",Repair/addition to sleep apnoea device,0,0,308.55,0,0,,,,,,,,,,,,,,,,,
986,Post-operative care not otherwise included,The provision of post-operative care by a dental practitioner who did not provide the initial treatment.,Post operative care not otherwise included,0,0,75.75,0,0,,,,,,,,,,,,,,,,,
987,Recontour tissue – per appointment,"Recontour of oral and associated tissue not described elsewhere in the Australian Schedule of Dental Services and Glossary, such as injection of dermal fillers.",,,,,,,,,,,,,,,,,,,,,,,
990,Treatment not otherwise included (specify),An item number used to identify dental treatment not elsewhere described. Adequate written description of the service is required.,,,,,,,,,,,,,,,,,,,,,,,
999,GST,This item number is for use where practice accounting systems cannot accommodate GST applicable to nonclinical components.,,,,,,,,,,,,,,,,,,,,,,,
311,Removal of a tooth or part(s) thereof,A procedure consisting of the removal of a tooth or part(s) thereof.,Removal of tooth/part(s),300,66,141,66.7,10.5,,,,,,,,,,,,,,,,,
314,Sectional removal of a tooth or part(s) thereof,The removal of a tooth or part(s) thereof in sections. Bone removal may be necessary.,Sectional removal of a tooth,300,0,180.2,0,0,,,,,,,,,,,,,,,,,
322,Surgical removal of a tooth or tooth fragment not requiring removal of bone or tooth division,"Removal of a tooth or tooth fragment where an incision and the raising of a mucoperiosteal flap are required, but where removal of bone or sectioning of the tooth is not necessary.",Surgical removal unerrupted/part errupted tooth,350,138,228.85,0,0,,,,,,,,,,,,,,,,,
324,Surgical removal of a tooth or tooth fragment requiring bone removal and/or tooth division,Removal of a tooth or tooth fragment with removal of bone and/or sectioning of the tooth after an incision and the raising of a mucoperiosteal flap.,Surgical removal of unerupted tooth/bone removal,480,165,351.6,0,0,,,,,,,,,,,,,,,,,
331,Alveoloplasty – per segment,The surgical modification of the shape of a segment of the alveolar bone.,Alveolectomy - per seg,1500,0,142.65,0,0,,,,,,,,,,,,,,,,,
332,Ostectomy – per jaw,The surgical modification of the bony architecture of the maxilla or mandible.,,,,,,,,,,,,,,,,,,,,,,,
337,Reduction of fibrous tuberosity,A surgical procedure involving removal of fibrous tissue from the posterior maxillary alveolar ridge to modify the ridge contour.,Reduction of fibrous tuberosity,0,0,200.6,0,0,,,,,,,,,,,,,,,,,
338,Reduction of flabby ridge – per segment,A surgical procedure involving removal of unsupported soft tissue from a segment or quadrant of the maxillary or mandibular alveolar ridge.,Reduction of flabby ridge - per seg,0,0,113.6,0,0,,,,,,,,,,,,,,,,,
341,Removal of hyperplastic tissue,The surgical removal of an area of hyperplastic tissue from the maxillary or mandibular alveolar ridge or adjacent mucosa.,Removal of hyerplastic tissue,0,0,181.85,0,0,,,,,,,,,,,,,,,,,
343,Repositioning of muscle attachment,The surgical repositioning of a muscle attachment to place it in a more favorable position.,,,,,,,,,,,,,,,,,,,,,,,
344,Vestibuloplasty,The surgical deepening of the buccal or labial vestibule in the mucosa.,,,,,,,,,,,,,,,,,,,,,,,
345,Skin or mucosal graft,A surgical procedure involving a skin or mucosal graft.,,,,,,,,,,,,,,,,,,,,,,,
351,Repair of skin and subcutaneous tissue or mucous membrane,"The surgical cleaning and repair of a facial skin wound in the region of the mouth or jaws, or the repair of oral mucous membrane.",Repair of skin subctaneuos tissue mocous membrane,0,0,171.8,0,0,,,,,,,,,,,,,,,,,
352,Fracture of maxilla or mandible – not requiring fixation,Conservative treatment of a fracture of the maxilla or mandible where there is no marked displacement or mobility of the fragments.,,,,,,,,,,,,,,,,,,,,,,,
353,Fracture of maxilla or mandible – with wiring of teeth or intraoral fixation,Treatment of a fracture of the maxilla or mandible where interdental wiring or the application of a dental splint is indicated.,,,,,,,,,,,,,,,,,,,,,,,
354,Fracture of maxilla or mandible – with external fixation,Treatment of a fracture of the maxilla or mandible using sets of pins inserted through the skin and into the maxillary or mandibular bone to reduce and fix the fracture.,,,,,,,,,,,,,,,,,,,,,,,
355,Fracture of zygoma,Treatment of a fracture of the zygoma.,,,,,,,,,,,,,,,,,,,,,,,
359,Fracture of the maxilla or mandible requiring open reduction,Surgical treatment of a fracture of the maxilla or mandible where the fracture is exposed and reduction and fixation of the fragments are performed directly.,,,,,,,,,,,,,,,,,,,,,,,
361,Mandible – relocation following dislocation,Relocation of the condylar head of the mandible within the temporomandibular joint fossa following its dislocation.,,,,,,,,,,,,,,,,,,,,,,,
363,Mandible – relocation requiring open operation,Surgical exposure of a dislocated temporomandibular joint and its correct repositioning.,,,,,,,,,,,,,,,,,,,,,,,
365,Osteotomy – maxilla,Surgical exposure and fracturing of the maxilla in predetermined planes in order to modify its form or position.,,,,,,,,,,,,,,,,,,,,,,,
366,Osteotomy – mandible,Surgical exposure and fracturing of the mandible in predetermined planes in order to modify its form or position.,,,,,,,,,,,,,,,,,,,,,,,
371,"Removal of tumour, cyst or scar – cutaneous, subcutaneous or in mucous membrane","The surgical removal of a tumour, cyst or scar from cutaneous or subcutaneous tissues or from mucous membrane.",,,,,,,,,,,,,,,,,,,,,,,
373,"Removal of tumour, cyst or scar involving muscle, bone or other deep tissue","The surgical removal of a tumour, cyst or scar involving muscle, bone or other deep tissue.",,,,,,,,,,,,,,,,,,,,,,,
375,Surgery to salivary duct,"A general item to describe any surgery to salivary ducts, including removal of stones and plastic surgery.",,,,,,,,,,,,,,,,,,,,,,,
376,Surgery to salivary gland,A general item to describe any surgery to the salivary gland that cannot be described by another item.,,,,,,,,,,,,,,,,,,,,,,,
377,Repair of soft tissue,An item to describe surgical procedures (including suturing) for the repair of soft tissues.,Removal/repair of soft tissue,0,0,217.65,0,0,,,,,,,,,,,,,,,,,
378,Surgical removal of foreign body,The surgical removal of a foreign body impacted in tissues.,Surgical removal of a foreign body,0,0,123.2,0,0,,,,,,,,,,,,,,,,,
379,Marsupialisation of cyst,The treatment of a cyst by surgically opening it to convert it from an enclosed sac to a partially open pouch.,,,,,,,,,,,,,,,,,,,,,,,
381,Surgical exposure of an unerupted tooth – per tooth,The surgical exposure of an unerupted tooth to facilitate its eruption.,,,,,,,,,,,,,,,,,,,,,,,
382,Surgical exposure and attachment of device for orthodontic traction,Surgical exposure of an unerupted tooth and attachment of a device so that orthodontic traction may be applied.,Surgical exposure/attachment of device for ortho traction,0,0,2,0,0,,,,,,,,,,,,,,,,,
384,Repositioning of displaced tooth/teeth – per tooth,A procedure following trauma where the position of the displaced tooth/teeth is corrected by manipulation.,Surgical repositioning of displaced tooth/teeth - per tooth,0,0,205,0,0,,,,,,,,,,,,,,,,,
385,Surgical repositioning of unerupted tooth – per tooth,Surgical exposure and manipulation of an unerupted tooth to correct its position but not to detach the tooth from its supporting tissues.,,,,,,,,,,,,,,,,,,,,,,,
386,Splinting of displaced tooth/teeth – per displaced tooth,A procedure following trauma where the position of the displaced tooth/teeth may be stabilized by splinting.,Repositioning/splinting displaced tooth/teeth,0,0,211.5,0,0,,,,,,,,,,,,,,,,,
387,Replantation and splinting of a tooth – per avulsed or intentionally removed tooth,"Replantation of a tooth that has been avulsed or intentionally removed, it may be held in the correct position by splinting.",Replantation/splinting of tooth,0,0,414.1,0,0,,,,,,,,,,,,,,,,,
388,Transplantation of tooth or tooth bud,Surgical access to and transplantation of an unerupted tooth or tooth bud to a new position prepared in the maxilla or mandible to receive it.,,,,,,,,,,,,,,,,,,,,,,,
389,Surgery to isolate and preserve neurovascular tissue,Additional surgery performed at the time of dento-alveolar surgery where damage to the neurovascular bundle may occur.,Surgery to isolate/preserve neurovascular tissue,2000,0,0,0,0,,,,,,,,,,,,,,,,,
391,Surgical intervention of a frenum,"This item includes frenotomy, frenuloplasty or frenectomy.",Frenectomy,0,0,189.95,0,0,,,,,,,,,,,,,,,,,
392,Drainage of abscess,Drainage and/or irrigation of an abscess other than through a root canal or at the time of extraction.,Drainage of abscess/cyst,55,0,104.05,0,0,,,,,,,,,,,,,,,,,
393,Surgery involving the maxillary antrum,"A general item to describe any surgery of the maxillary antrum, including lavage, antrostomy, recovery of a foreign body or closure of an oro-antral communication.",,,,,,,,,,,,,,,,,,,,,,,
394,Surgery for osteomyelitis,A general item to describe any surgery for the treatment of osteomyelitis.,,,,,,,,,,,,,,,,,,,,,,,
395,Repair of nerve trunk,A surgical procedure to repair a nerve trunk.,,,,,,,,,,,,,,,,,,,,,,,
399,Control of reactionary or secondary post-operative haemorrhage,This procedure describes the control of reactionary or secondary post-operative haemorrhage.,Insertion of sutures,65,0,0,0,0,,,,,,,,,,,,,,,,,
811,Passive removable appliance – per arch,"A removable, one-arch appliance that may be attached to the dentition by clasps or similar device designed to maintain the position of the teeth in the dentition. The appliance does not provide pressure directed at tooth movement.",Passive removable appliance ,215,0,0,0,0,,,,,,,,,,,,,,,,,
821,Active removable appliance – per arch,"A removable, one-arch appliance attached to the dentition by clasps or similar device that contains some elements capable of exerting pressure on either individual teeth or parts of the arch to achieve tooth or dental arch movement.",,,,,,,,,,,,,,,,,,,,,,,
823,Functional orthopaedic appliance – custom fabrication,The custom fabrication on models of an appliance whose primary action involves orthopaedic change of jaw shape or relationship utilising and modifying the effect of the environmental tissues.,,,,,,,,,,,,,,,,,,,,,,,
824,Functional orthopaedic appliance – prefabricated,"A prefabricated elastomeric appliance whose primary action is to maintain or guide the positioning of teeth during eruption, and/or to influence muscle activity of the mouth and lower face.",,,,,,,,,,,,,,,,,,,,,,,
825,Sequential plastic aligners – per arch,"The provision and periodic direct clinical review by a dentist or orthodontist of a series of custom-made plastic aligners to move teeth gradually. This item number includes additional procedures that may be required to facilitate the movement of teeth, such as composite buttons.",Sequential plastic liners - per arch,100,0,0,0,0,,,,,,,,,,,,,,,,,
829,Partial banding – per arch,"Application of bands and/or brackets to six teeth or fewer in the maxillary or mandibular arch, which can be attached to a resilient arch wire. The appliance is designed to correct either tooth position or arch form.",,,,,,,,,,,,,,,,,,,,,,,
831,Full arch banding – per arch,Application of bands and brackets for attachment of resilient arch wires to most of the teeth of the maxillary or mandibular arch to correct the position of teeth or to correct the arch form.,,,,,,,,,,,,,,,,,,,,,,,
213,Treatment of acute periodontal infection – per appointment,"Treatment of acute periodontal infection(s), may include establishing drainage and removal of calculus from the affected tooth or implant.",Treatment of acute periodontal infection ,110,55,74.85,37.9,6,,,,,,,,,,,,,,,,,
221,Clinical periodontal analysis and recording,"A special examination performed as part of the diagnosis and management of periodontal disease, assessing and recording a patient’s periodontal condition.",Clinical periodontal analysis/recording,60,0,60.15,0,0,,,,,,,,,,,,,,,,,
222,Periodontal debridement – per tooth,Mechanical removal of biofilm and calculus from a periodontally diseased tooth to a level consistent with periodontal health.,Root planing and subgingival curettage - per tooth,30,63,29.6,0,0,,,,,,,,,,,,,,,,,
223,Non-surgical treatment of peri-implant disease – per implant,Debridement using specialized instrumentation to remove the microbial biofilm from the implant and/or abutment surface.,Non surgical trearment of peri-implant disease (per implant) ,0,0,28,0,0,,,,,,,,,,,,,,,,,
231,Gingivectomy – per tooth,"Surgical removal of the soft tissue wall of the periodontal pocket or swollen, excess gingival tissue.",Gingivectomy per 8 teeth or less,390,0,0,0,0,,,,,,,,,,,,,,,,,
232,Periodontal flap surgery – per tooth,Incision and raising of a flap of gingival tissue to enable removal of inflammatory or granulation tissue.,Periodontal flap surgery - per 8 teeth or less,480,0,0,0,0,,,,,,,,,,,,,,,,,
233,Surgical treatment of peri-implant disease – per implant,Surgical access and flap elevation of the peri-implant soft tissues to access the implant surface for decontamination.,Surgical treatment of peri-implant disease - per implant,328.5,0,0,0,0,,,,,,,,,,,,,,,,,
234,Application of biologically active material,Application of a biologically active material in conjunction with periodontal surgery to enhance reattachment or regeneration.,,,,,,,,,,,,,,,,,,,,,,,
235,"Gingival graft – per tooth, implant or extraction socket","Transference or transplanting gingival or other soft tissue from a donor area to an area around a tooth, implant, or extraction socket to remedy a gingival deficiency.",Osseous graft,620,0,0,0,0,,,,,,,,,,,,,,,,,
236,Guided tissue regeneration – per tooth or implant,"A surgical technique in which a membrane is adapted over a bony defect, the tooth root, or an implant.",Gingival graft - per tooth or implant,440,0,0,0,0,,,,,,,,,,,,,,,,,
237,Guided tissue regeneration – membrane removal,Surgical procedure to remove a previously positioned membrane.,,,,,,,,,,,,,,,,,,,,,,,
238,Periodontal surgery for crown lengthening – per tooth,A procedure to establish a more apical gingival margin for greater exposure of tooth structure.,Guided tissue regeneration - surgical removal crown lengthen,380,0,406,0,0,,,,,,,,,,,,,,,,,
239,Gingival xenograft – per tooth,Insertion of a xenograft to remedy a gingival deficiency.,,,,,,,,,,,,,,,,,,,,,,,
241,Root resection – per root,Removal or amputation of one or more roots of a multi-rooted tooth with or without a portion of the crown.,Root resection - per root,0,0,232.55,0,0,,,,,,,,,,,,,,,,,
242,Osseous surgery – per tooth or implant,Reshaping and modifying defects and deformities in the bone supporting and surrounding the tooth or implant.,,,,,,,,,,,,,,,,,,,,,,,
243,Osseous graft – per tooth or implant,"A surgical procedure in which particulate bone, a synthetic substitute or other matrix is used to replace, repair, or augment alveolar bone.",Osseous Graft,2871.18,0,0,0,0,,,,,,,,,,,,,,,,,
244,Osseous graft – block,"A surgical procedure in which a block of bone is used for augmentation of a bony ridge, secured by screws or similar devices.",,,,,,,,,,,,,,,,,,,,,,,
245,Periodontal surgery involving one tooth,Surgical intervention to aid the resolution of a localized periodontal inflammatory condition involving one tooth.,Periodontal surgery,0,0,85.25,0,0,,,,,,,,,,,,,,,,,
246,Maxillary sinus augmentation – trans-alveolar technique – per sinus,"Surgical access to the maxillary sinus via the implant osteotomy site, may involve simultaneous placement of dental implants.",Maxillary sinus augmentation (Trans-alveolar technique per sinus),750,0,0,0,0,,,,,,,,,,,,,,,,,
247,Maxillary sinus augmentation – lateral wall approach – per sinus,"Surgical access to the maxillary sinus via a lateral wall approach with bone grafting, may involve simultaneous placement of dental implants.",Maxillary sinus augmentation (Lateral wall approach per sinus),1519.4,0,0,0,0,,,,,,,,,,,,,,,,,
250,Active non-surgical periodontal therapy – per quadrant,Non-surgical management of uncontrolled periodontal disease in a quadrant with at least three teeth with clinical attachment loss or pocketing.,,,,,,,,,,,,,,,,,,,,,,,
251,Supportive periodontal therapy – per appointment,"Maintenance of periodontal health subsequent to active, non-surgical, or surgical periodontal therapy.",,,,,,,,,,,,,,,,,,,,,,,
111,Removal of plaque and/or stain,Removal of dental plaque and/or stain from the surfaces of all teeth and/or implants.,Removal plaque & or stain,65,27,57.75,0,0,,,,,,,,,,,,,,,,,
113,Recontouring and polishing of pre-existing restoration(s) – per tooth,The reshaping and polishing of pre-existing restorations.,Plaque Removal / Prophylaxis Recontouring pre-existing restoration(s),35,0,21 85,0,0,,,,,,,,,,,,,,,,,
114,Removal of calculus – first appointment,Removal of calculus from the surfaces of teeth and/or implants.,Reeontourjng Restoration / Tooth Removal of calculus - 1st visit,180,49,101.9,0,0,,,,,,,,,,,,,,,,,
115,Removal of calculus – subsequent appointment,Procedures described in item 114 when an additional appointment(s) is required to remove deposits from the teeth and/or implants.,Removal of calculus and plaque subseqt visit,150,48,66.3,0,0,,,,,,,,,,,,,,,,,
116,Enamel micro-abrasion – per tooth,The chemo-physical removal of discoloured and/or other surface enamel defects.,Enamel micro-abrasion - per tooth,0,0,0,0,0,,,,,,,,,,,,,,,,,
117,"Bleaching, internal – per application",Modification of the color of the discolored crown of an endodontically treated tooth using chemical and/or physical methods.,"Bleaching, intern - per tooth bleaching, internal - per tooth",250,0,206.05,0,0,,,,,,,,,,,,,,,,,
118,"Bleaching, external – per tooth",Modification of the color of a tooth using chemical and/or physical methods applied externally.,Bleaching. extern - per tooth,50,0,0,0,0,,,,,,,,,,,,,,,,,
119,"Bleaching, home application","Provision of clinical advice, risk advice, use instructions, and necessary professional supervision for application by a patient at home.","Bleaching, external - per tooth Bleaching, home applic - per arch",100,0,0,0,0,,,,,,,,,,,,,,,,,
121,"Topical application of remineralisation agents, one treatment",Application of remineralisation agents to the surfaces of the teeth.,Bleaching. home application - per arch Topical application fluoride (1st treatment),40,21,39.3,0,0,,,,,,,,,,,,,,,,,
122,"Topical remineralisation agents, home application – per arch","The prescribed use, by a patient at home, of a custom-made tray for the application of remineralisation agents.","Topical fluoride, home applic - per arch",0,0,0,0,0,,,,,,,,,,,,,,,,,
123,Application of a cariostatic agent – per tooth,Application of a concentrated fluoride or remineralisation and/or cariostatic agent.,"Topical fluoride, home application . per arch Concentrated flouride, appic - single tooth",65,0,30.75,0,0,,,,,,,,,,,,,,,,,
131,Dietary analysis and advice,Analysis of and advice on a patient’s diet to correct any dietary imbalances or deficiencies.,Dietary advice,0,0,39.05,0,0,,,,,,,,,,,,,,,,,
141,Oral hygiene instruction,Instruction in techniques for the removal of bacterial plaque. Advice on appropriate toothpaste and medicaments may be included.,Dietary counselling Oral hyg ene instruction,0,31,53.1,0,0,,,,,,,,,,,,,,,,,
142,Tobacco counselling,Analysis and assessment of a patient’s tobacco use and advice on the prevention and cessation of the use of tobacco.,Tobacco counselling,0,0,0,0,0,,,,,,,,,,,,,,,,,
151,Provision of a mouthguard – indirect,"Construction, provision, and delivery of a mouthguard, using a model(s).",provision mouthguard - indirect,180,85,161.4,0,0,,,,,,,,,,,,,,,,,
153,Bi-maxillary mouthguard – indirect,"Construction, provision, and delivery of a bi-maxillary mouthguard using models.",Mouthguard Bimaxillary mouthguard - indirect 8jmax Wary mouthguard constructed on models,0,0,0,0,0,,,,,,,,,,,,,,,,,
161,Fissure and/or tooth surface sealing – per tooth,"Sealing of non-carious pits, fissures, smooth surfaces or cracks in a tooth with an adhesive material.",Fissure sealing - per tooth Fissure Sealing per tooth,70,29,49.45,0,0,,,,,,,,,,,,,,,,,
163,Resin infiltration – per tooth,Treatment of enamel lesions on smooth enamel surfaces by infiltration with a resin material.,,,,,,,,,,,,,,,,,,,,,,,
165,Desensitising procedure – per appointment,All desensitising undertaken at a single appointment to diminish or abolish painful sensitivity in exposed dentine.,Applic'n desensitising agent - per visit,50.3,0,30.75,0,0,,,,,,,,,,,,,,,,,
171,Odontoplasty – per tooth,A procedure to modify the contour of the crown of a tooth or the anatomy of the fissure of a tooth.,Application of Desensitizing agent Odontoplasty - per tooth,25,0,54.55,0,0,,,,,,,,,,,,,,,,,
611,Full crown – polymeric material – indirect,"An artificial crown constructed with a polymeric material, restoring a natural tooth.",Full Crown - acrylic resin- indirect,550,0,992.1,0,0,,,,,,,,,,,,,,,,,
613,Full crown – ceramic – indirect,"An artificial crown constructed with a ceramic material, manufactured to precisely adapt to a pre-prepared natural tooth.",Full Crown - non-metallic - indirect,2200,760,144.2.85,0,0,,,,,,,,,,,,,,,,,
615,Full crown – veneered – indirect,"An artificial crown constructed with a metallic base veneered with a tooth-coloured material, manufactured to precisely adapt to a pre-prepared natural tooth.",Full crown - veneered - indirect,2200,875,1357.35,0,0,,,,,,,,,,,,,,,,,
618,Full crown – metallic – indirect,"An artificial crown constructed with custom fabricated metal, manufactured to precisely adapt to a pre-prepared natural tooth.",Full crown - metallic—gold - indirect,1700,775,1271.9,0,0,,,,,,,,,,,,,,,,,
625,Post and core for crown – indirect,A post and core fabricated accurately to the dimension of the prepared root canal(s) and the desired coronal anatomy to provide an anchor foundation for an artificial crown.,Core for crown incl post indirect,200,155,343.4,0,0,,,,,,,,,,,,,,,,,
627,Preliminary restoration for crown – direct,"A direct restoration of the remains of a tooth to provide a base for an intended indirect crown, placed at the same appointment as the crown preparation. Pins and/or posts used should be itemised separately.",Preliminary restorationn for crown - direct,200,0,141.9,0,0,,,,,,,,,,,,,,,,,
629,Post and root cap – indirect,A post and capping fitted to the root of a tooth. The post provides an anchor in the root canal of the tooth and the capping may provide support for an overdenture. It may incorporate a precision or magnetic attachment that should be separately itemised.,Post and root cap - indirect,300,0,359.65,0,0,,,,,,,,,,,,,,,,,
631,Provisional crown – per tooth,"Provisional restoration of a tooth with a crown that is designed to last until the definitive crown can be
constructed or the tooth is removed. This item should be used only where a provisional crown is not an
intrinsic part of another service. It should not be used for a provisional restoration between appointments
during crown construction.",Temporary (provisional) crown,200,0,163.7,0,0,,,,,,,,,,,,,,,,,
632,Provisional bridge pontic – per pontic,"Placement of a fixed provisional bridge pontic supported by teeth or implants designed to last until the
definitive bridge can be constructed and inserted. The provisional restorations of the abutments are itemised
separately as 631. The provisional implant abutments are itemised separately as 633. This item should be used
only where a provisional bridge is not an intrinsic part of the treatment being provided. It should not be used
for a provisional bridge between appointments during bridge construction.",Temporary (provisional) bridge per pontic,320,0,324.85,0,0,,,,,,,,,,,,,,,,,
633,Provisional implant abutment,per abutment Placement of a specific provisional abutment to an implant designed to last until the definitive abutment(s) are fitted. These are generally fitted to accommodate a provisional prosthesis.,,,,,,,,,,,,,,,,,,,,,,,
634,Provisional implant restoration – per implant abutment,The provisional (intermediate) restoration of an implant designed to last until the definitive restoration can be placed. This item should be used only where the provisional (intermediate) restoration is not an intrinsic part of treatment.,,,,,,,,,,,,,,,,,,,,,,,
642,Bridge pontic – direct – per pontic,The direct attachment of a replacement tooth to the adjoining abutment tooth/teeth. The pontic and attachment may utilise reinforcing materials. The number of pontics should be indicated and the attaching restorations should be appropriately itemised.,Bridge pontic - direct - per pontic,0,0,1039.3,0,0,,,,,,,,,,,,,,,,,
643,Bridge pontic – indirect – per pontic,The indirect provision of an artificial replacement tooth joined to a retainer(s) on an abutment tooth or osseointegrated implant. The number of pontics should be indicated and the retainer should be appropriately itemised.,Bridge pontic - indirect - per pontic,2200,780,1108.15,0,0,,,,,,,,,,,,,,,,,
644,Semi-fixed attachment,The preparation within a restoration of a mechanical lock or keyway matched by a complementary portion on a bridge or prosthetic appliance. The other components of the bridge or prosthetic appliance should be appropriately itemised.,Semi-fixed attachment,300,0,250.05,0,0,,,,,,,,,,,,,,,,,
645,Precision or magnetic attachment,"Incorporated as part of a restoration, or a magnetic or precision retention device matched by a complementary attachment on a bridge or other prosthetic appliance. The other components of the bridge or prosthetic appliance should be appropriately itemised.",Precision or magnetic attachment,350,0,318.2,0,0,,,,,,,,,,,,,,,,,
648,Bonded retainer – direct – per tooth,A retainer directly bonded to the abutment tooth/teeth for support of the bridge pontic(s). The pontic(s) should be itemised separately.,,,,,,,,,,,,,,,,,,,,,,,
649,Bonded retainer – indirect – per tooth,"A retainer and framework to be bonded to the abutment tooth/teeth for support of the bridge pontic(s) or a precision attachment. In the case of a bonded bridge, the number of pontics should be itemised separately.",Retainer for bonded bridge - indirect - per tooth,220,0,422.3,0,0,,,,,,,,,,,,,,,,,
651,Recementing crown or veneer,Recementing a previously cemented crown/veneer.,Recementing crown or veneer,200,54,110.75,47.95,0,,,,,,,,,,,,,,,,,
652,Recementing bridge or splint – per abutment,Recementing a previously cemented bridge or splint.,Recementing bridge/splint -per abut,150,8000,108.15,54.75,0,,,,,,,,,,,,,,,,,
653,Rebonding of bridge or splint where retreatment of bridge surface is required,The rebonding of an enamel bonded bridge or splint that requires retreatment of the fitting surface.,Rebonding of bridge or splint,150,0,98.4,0,0,,,,,,,,,,,,,,,,,
655,Removal of crown,The removal of a currently cemented definitive crown that may subsequently be reinserted.,Removal of Crown,100,0,66.2,0,0,,,,,,,,,,,,,,,,,
656,Removal of bridge or splint,"The removal of all, or part, of a bridge or splint.",Removal of bridge or spint,150,0,198.65,0,0,,,,,,,,,,,,,,,,,
658,Repair of crown or bridge – indirect – per crown or pontic,The extraoral repair of a crown or bridge.,"Repair of crown, bridge or splint - indirect",0,0,250.05,0,0,,,,,,,,,,,,,,,,,
659,"Repair of crown, bridge or veneer – direct – per crown, pontic or veneer","The intraoral repair of a cemented crown, bridge or veneer.","Repair of crown, bridge or splint - direct",0,0,318.2,0,0,,,,,,,,,,,,,,,,,
661,Fitting of implant abutment – per abutment,Fitting of the final implant abutment or the replacement of an existing abutment. This includes abutments with attachments designed to retain an overdenture.,Fitting implant abutment - per abutment,1150,0,0,0,0,,,,,,,,,,,,,,,,,
663,Removal of implant and/or retention device,The surgical removal of an implant and/or retention device.,Removal Of inplant,342.3,0,0,0,0,,,,,,,,,,,,,,,,,
664,Fitting of bar for denture – per tooth or implant,A rigid bar affixed to a natural tooth or osseointegrated implant abutment to provide support and retention for a dental prosthesis. The bar may incorporate retention devices and each of these should be itemised as 645. The retention components within the prosthesis are itemised as 735.,Fit of bar denture-per abutment,0,0,0,0,0,,,,,,,,,,,,,,,,,
665,Prosthesis with resin base attached to implants – removable – per arch,A removable prosthesis carrying artificial teeth on a resin base supported by the implants to which it is attached. This prosthesis is designed for self-removal. Abutments attached to implants should be itemised as 661; retention components within prosthesis should be itemised as 735.,,,,,,,,,,,,,,,,,,,,,,,
666,Prosthesis with metal frame attached to implants – fixed – per arch,"A fixed prosthesis carrying prosthetic teeth on a custom fabricated metal frame, supported by the implants to which it is attached and not designed for self-removal. This is inclusive of the sealing of the access to the abutment screws. Abutments attached to implants itemised as 661.",Prosthesis with metal frame attached to implants - fixed,"9,338",0,0,0,0,,,,,,,,,,,,,,,,,
667,Prosthesis with metal frame attached to implants – removable – per arch,A removable prosthesis carrying prosthetic teeth on a custom fabricated metal frame. This prosthesis is attached to the implants and is designed for self-removal. Abutments attached to implants itemised as 661; retention components within prosthesis should be itemised as 735.,,,,,,,,,,,,,,,,,,,,,,,
668,Implant prosthetic screw replacement,Replacement of an existing implant prosthetic screw.,,,,,,,,,,,,,,,,,,,,,,,
669,Removal and reattachment of prosthesis fixed to implant(s) – per implant,Removal for maintenance of a prosthesis that is fixed to an osseointegrated implant(s) and not designed for self-removal. Access to attaching screws and subsequent replacement is required. Repairs effected should be appropriately itemised.,Remove/reattach prosthesis fixed implant(s),220,0,0,0,0,,,,,,,,,,,,,,,,,
671,Full crown attached to osseointegrated implant – non-metallic – indirect,An artificial crown constructed of tooth-coloured material attached to an osseointegrated implant.,Full Crown att. Osseointegrated implant. Non .met-indirect,2900,0,1442.65,0,0,,,,,,,,,,,,,,,,,
672,Full crown attached to osseointegrated implant – veneered – indirect,An artificial crown constructed with a metallic base veneered with a tooth-coloured material attached to an osseointegrated implant.,Full Crown att Osseointegrated implant Veneered-indirect,2980,0,1634.45,0,0,,,,,,,,,,,,,,,,,
673,Full crown attached to osseointegrated implant – metallic – indirect,An artificial crown constructed with custom fabricated metal attached to an osseointegrated implant.,Full Crown att Osseointegrated implant. Metallic-indirect,0,0,1273,0,0,,,,,,,,,,,,,,,,,
678,Diagnostic template,A diagnostic radiographic template that facilitates oral and/or maxillofacial surgical planning.,,,,,,,,,,,,,,,,,,,,,,,
679,Surgical implant guide,Provision of an appliance that indicates the ideal location and angulation for insertion of implants.,Surgical Implant guide,2650,0,0,0,0,,,,,,,,,,,,,,,,,
684,Insertion of the first stage of two-stage endosseous implant – per implant,"Surgical insertion of an implant, made of a biocompatible material. The soft tissues are closed over the implant until osseointegration is achieved. The number of implants should be indicated.",Insert 1st stage of 2 stage endosseous implant (per implant),2195,0,0,0,0,,,,,,,,,,,,,,,,,
685,Insertion of the first stage of two-stage maxillofacial endosseous implant – per implant,Surgical insertion of an implant made of a biocompatible material. The soft tissues are closed over the implant until osseointegration is achieved. The implant is used to retain a maxillofacial prosthesis. Item number 691 should be used for the second-stage procedure.,,,,,,,,,,,,,,,,,,,,,,,
686,Insertion of a one-stage maxillofacial endosseous implant – per implant,Surgical insertion of an implant made of a biocompatible material. The implant is used to retain a maxillofacial prosthesis.,,,,,,,,,,,,,,,,,,,,,,,
687,Insertion of a mini-implant – per implant,"Surgical insertion of a small diameter implant (< 3.0 mm), made of biocompatible material, where the abutment is an integral component of the implant.",,,,,,,,,,,,,,,,,,,,,,,
688,Insertion of a one-stage endosseous implant – per implant,"Surgical insertion of an implant, made of biocompatible material.",Insert 2nd stage endosseous implant (per implant),2290,0,0,0,0,,,,,,,,,,,,,,,,,
689,Provisional implant,Special purpose implant designed with the intention of being removed at a later stage.,,,,,,,,,,,,,,,,,,,,,,,
690,Provisional retention or anchorage device,"Special purpose retention or anchorage device attached to the jaws by screws or provisional implants, to reinforce anchorage and assist with orthodontic movements, and intended for removal when no longer required for orthodontic treatment. Other orthodontic treatment is to be itemised separately.",,,,,,,,,,,,,,,,,,,,,,,
691,Second-stage surgery of two-stage endosseous implant – per implant,"Surgical access to the previously osseointegrated implant to attach a transmucosal component, usually a healing abutment. The number of implants should be indicated. Other items listed in the prosthodontics section may be directly applied in the description of implant prostheses, if appropriate.",2nd surgical stage of stage 2 endosseous implants (per implant),260,0,0,0,0,,,,,,,,,,,,,,,,,
692,Closure of screw access chamber,"Subsequent sealing of the access chamber or screw channel of a screw-retained implant prosthesis, per implant. The sealing of the access chamber when delivering a new prosthesis is intrinsic to the provision of the prosthesis.",,,,,,,,,,,,,,,,,,,,,,,
693,Remodelling of a fixed implant prosthesis,"Remodelling of a screw-retained, metal-resin, implant supported fixed prosthesis attached to implants including replacement of veneering materials. The prosthetic teeth should be itemised separately as 765 per tooth replaced.",,,,,,,,,,,,,,,,,,,,,,,
694,Repair or replacement of the ceramic component of an implant metal-ceramic or all ceramic crown or bridge – per prosthetic tooth,The extraoral repair or replacement of the ceramic component of an implant crown or bridge – per prosthetic tooth.,,,,,,,,,,,,,,,,,,,,,,,
695,Cleaning and polishing of an implant prosthesis,"The extraoral cleaning of an implant prosthesis. This can include removal of calculus and plaque, polishing and disinfection. Screw replacement and closure of the screw access chamber should be itemised separately.",,,,,,,,,,,,,,,,,,,,,,,
696,Removal of fractured abutment screw,Removal of the apical threaded part of a fractured abutment screw.,,,,,,,,,,,,,,,,,,,,,,,
711,Complete maxillary denture,Provision of a patient-removable dental prosthesis replacing the natural teeth and adjacent tissues in the maxilla.,Full upper denture,2500,0,1024.9,0,0,,,,,,,,,,,,,,,,,
712,Complete mandibular denture,Provision of a patient-removable dental prosthesis replacing the natural teeth and adjacent tissues in the mandible.,Full lower denture,2500,0,1024.9,0,0,,,,,,,,,,,,,,,,,
713,Provisional complete maxillary denture,Provision of a patient-removable dental prosthesis replacing the natural teeth and adjacent tissues in the maxilla that is designed to last until the definitive denture can be constructed.,Provisional full upper denture,0,0,768.65,0,0,,,,,,,,,,,,,,,,,
714,Provisional complete mandibular denture,Provision of a patient-removable dental prosthesis replacing the natural teeth and adjacent tissues in the mandible that is designed to last until the definitive prosthesis can be constructed.,Provisional full lower denture,0,0,768.65,0,0,,,,,,,,,,,,,,,,,
715,Provisional complete maxillary and mandibular dentures,Provision of a patient-removable dental prosthesis replacing the natural teeth and adjacent tissues in both the maxilla and the mandible that is designed to last until the definitive prosthesis can be constructed.,Provisional full upper and lower dentures,0,0,1363.05,0,0,,,,,,,,,,,,,,,,,
716,Metal palate or plate,A reinforcing custom fabricated metal section added to a resin denture base. The other denture components should be appropriately itemised.,Metal palate or plate,1500,0,0,0,0,,,,,,,,,,,,,,,,,
719,Complete maxillary and mandibular dentures,Provision of patient-removable dental prostheses for the natural teeth and adjacent tissues in both the maxilla and the mandible.,Complete maxillar and mandibular dentures,2200,0,1817.4,0,0,,,,,,,,,,,,,,,,,
721,Partial maxillary denture – resin base,Provision of a resin base for a patient-removable dental prosthesis for the maxilla where some natural teeth remain.,Partial upper denture- resin base,1000,0,468.9,0,0,,,,,,,,,,,,,,,,,
722,Partial mandibular denture – resin base,Provision of a resin base for a patient-removable dental prosthesis for the mandible where some natural teeth remain.,Partial lower denture- resin base,1000,0,468.9,0,0,,,,,,,,,,,,,,,,,
723,Provisional partial maxillary denture,Provision of a patient-removable partial dental prosthesis replacing the natural teeth and adjacent tissues in the maxilla that is designed to last until the definitive prosthesis can be constructed.,Provisional partial upper denture,0,0,351.7,0,0,,,,,,,,,,,,,,,,,
724,Provisional partial mandibular denture,Provision of a patient-removable partial dental prosthesis replacing the natural teeth and adjacent tissues in the mandible that is designed to last until the definitive prosthesis can be constructed.,Provisional partial lower denture,0,0,351.7,0,0,,,,,,,,,,,,,,,,,
727,Partial maxillary denture – custom fabricated metal framework,Provision of the framework for a patient-removable dental prosthesis made with a custom fabricated metal on which to replace teeth from the maxilla.,Partial upper denture- cast metal framework,1950,0,1372.95,0,0,,,,,,,,,,,,,,,,,
728,Partial mandibular denture – custom fabricated metal framework,Provision of the framework for a patient removable dental prosthesis made with a custom fabricated metal on which to replace teeth from the mandible.,Partial lower denture- cast metal framework,1950,0,1372.95,0,0,,,,,,,,,,,,,,,,,
731,Retainer (clasp) – per tooth,A retainer or clasp that is attached to a partial denture that is adapted to an undercut in a tooth to aid retention.,Retainer per tooth (each retainer),88.57,0,47.3,0,0,,,,,,,,,,,,,,,,,
732,Occlusal rest – per rest,A unit of a partial denture that rests upon a tooth surface to provide support for the denture.,Occlusal rest,0,0,23,0,0,,,,,,,,,,,,,,,,,
733,Tooth/teeth (partial denture),An item to describe each denture tooth added to the base of a new partial denture.,Tooth/teeth each additional  tooth,65,0,0,0,0,,,,,,,,,,,,,,,,,
734,Overlays – per tooth,An extension of a denture covering the occlusal surface of remaining teeth or deliberately retained roots.,Overlays - per tooth,0,0,47.3,0,0,,,,,,,,,,,,,,,,,
735,Precision or magnetic denture attachment,A preformed device within a prosthesis that connects to a precision or magnetic component on a tooth or implant.,Precision or magnetic attachment,0,0,284.15,0,0,,,,,,,,,,,,,,,,,
736,Immediate tooth replacement – per tooth,Provision within a denture to allow immediate replacement of an extracted tooth.,Immediate tooth replacemt- per tooth,215,0,9.8,0,0,,,,,,,,,,,,,,,,,
737,Resilient lining,Provision of a resilient tissue-bearing surface for a removable prosthesis.,Resilient lining,500,192.35,203.15,0,0,,,,,,,,,,,,,,,,,
738,Wrought bar,A wrought bar joining sections of a partial prosthesis.,Wrought bar,0,0,189.3,0,0,,,,,,,,,,,,,,,,,
739,Metal backing of denture teeth – per backing,A metallic extension of the metal partial denture framework to provide a backing.,Metal backing - per backing,50,0,9.8,0,0,,,,,,,,,,,,,,,,,
741,Adjustment of a denture,"Adjustment of a denture to improve comfort, function or aesthetics. This item does not apply to routine adjustments following the insertion of a new denture or the maintenance or repair of an existing denture.",Adj pre—existing denture,95,0,56.05,0,0,,,,,,,,,,,,,,,,,
743,Relining – complete denture – processed,Replacement of the tissue fitting surface of a complete denture to improve its accuracy and fit. The procedure requires multiple appointments.,Relining complete denture - processed,450,230,357.7,0,0,,,,,,,,,,,,,,,,,
744,Relining – partial denture – processed,Replacement of the tissue fitting surface of a partial denture to improve its accuracy and fit. The procedure requires multiple appointments.,Relining - partial chrome denture - processed,450,0,304.9,0,0,,,,,,,,,,,,,,,,,
745,Remodelling – complete denture,"Replacement of the resin base of a complete denture, with or without rearrangement of the teeth, to improve its accuracy and fit. The procedure requires multiple appointments.",Relining Upper or Lower part Denture Remodeling - complete denture,600,0,0,0,0,,,,,,,,,,,,,,,,,
746,Remodelling – partial denture,"Replacement of the resin base of a partial denture, with or without rearrangement of the teeth, to improve its accuracy and fit. The procedure requires multiple appointments.",Denture Remodeling - partial chrome denture,500,0,0,0,0,,,,,,,,,,,,,,,,,
751,Relining – complete denture – direct,"Addition to the tissue fitting surface of a complete denture to improve its accuracy and fit, using a self- or light-cured material.",Relining - complete denture - direct,0,0,194.9,0,0,,,,,,,,,,,,,,,,,
752,Relining – partial denture – direct,"Addition to the tissue fitting surface of a partial denture to improve its accuracy and fit, using a self- or light-cured material.",Relining - Complete Denture Relining - partial denture - direct,0,0,162.35,0,0,,,,,,,,,,,,,,,,,
753,Cleaning and polishing of pre-existing denture,The cleaning and polishing of a pre-existing denture not associated with any other item of maintenance or repair of the denture.,Cleaning/polishing pre-existing denture,98.33,0,45.45,0,"0,00",,,,,,,,,,,,,,,,,
754,Denture base modification,"Modification to a denture base to enhance aesthetics, function or to facilitate the retention of denture teeth.",Denture base modification,0,0,0,0,0,,,,,,,,,,,,,,,,,
755,Maintenance of overdenture attachment – per attachment,Replacement of a polymer insert in an overdenture attachment.,,,,,,,,,,,,,,,,,,,,,,,
761,Reattaching pre-existing retainer (clasp) to denture,"Repair, insertion and adjustment of a denture involving reattachment of a pre-existing retainer (clasp).",Reattach pre-existing tooth/clasp to denture,0,0,40.85,0,0,,,,,,,,,,,,,,,,,
762,Replacing/adding retainer (clasp) to denture – per retainer (clasp),"Repair, insertion and adjustment of a denture involving replacement or addition of a new retainer (clasp).",Replacing clasp on denture,150,70,161.8,0,0,,,,,,,,,,,,,,,,,
763,Repairing broken base of a complete denture,"Repair, insertion and adjustment of a broken resin complete denture base.",Repairing broken base complete denture,200,62,40.85,0,0,,,,,,,,,,,,,,,,,
764,Repairing broken base of a partial denture,"Repair, insertion and adjustment of a broken resin partial denture base.",Repairing broken base partial denture,200,62,40.85,0,0,,,,,,,,,,,,,,,,,
765,Replacing and/or adding a new tooth to a denture or implant prosthesis – per tooth,"Repair, insertion and adjustment of a denture or implant prosthesis involving replacement with or addition of a new tooth or teeth to a previously existing denture or implant prosthesis.",Replacing tooth on denture,140,62,161.8,0,0,,,,,,,,,,,,,,,,,
766,Reattaching an existing tooth to a denture – per denture tooth,"Repair, insertion and adjustment of a denture involving reattachment of a pre-existing denture tooth or teeth.",,,,,,,,,,,,,,,,,,,,,,,
768,Adding a denture tooth to a partial denture to replace an extracted or decoronated tooth – per denture tooth,Provision of a denture tooth on an existing partial denture to replace a natural tooth that has been removed or decoronated prior to or at the time of issue of the modified denture.,Add tooth partial denture lost tooth - per tooth,200,95,163.8,95.75,19.5,,,,,,,,,,,,,,,,,
769,Repair or addition to metal frame,Repair of or addition to the metal frame of a denture. This is a complex procedure requiring the dismantling of the denture. Associated services should be itemised separately.,Repair or addition to metal casting,200,0,0,0,0,,,,,,,,,,,,,,,,,
771,Tissue conditioning – per application,"The provisional (temporary) lining of the tissue fitting surface of a denture with a conditioning material, to improve the health of the denture-supporting mucosa.",Tissue conditioning prep impressions - per applic,0,55,74.4,0,0,,,,,,,,,,,,,,,,,
772,Splint – resin,A resin appliance attached to the teeth for stabilising mobile or displaced teeth.,Splint - resin - indirect,0,0,373.45,0,0,,,,,,,,,,,,,,,,,
773,Splint – metal – indirect,A custom fabricated metal appliance bonded to the teeth to stabilise mobile or displaced teeth.,Splint . metal - indirect,0,0,373.45,0,0,,,,,,,,,,,,,,,,,
775,Characterisation of denture base,"Stippling, staining, festooning or shaping rugae on the appropriate surface(s) of a denture.",Obturator,0,0,0,0,0,,,,,,,,,,,,,,,,,
776,Impression – denture repair/modification,An item to describe taking an impression where required for the repair or modification of a dental appliance.,Characterisation of denture base,140,0,0,0,0,,,,,,,,,,,,,,,,,
777,Identification,Marking a dental appliance with a patient’s name or other form of enduring patient identification.,Impression,0,25,49.45,0,0,,,,,,,,,,,,,,,,,
778,Inlay for denture tooth,Provision of an inlay in a denture tooth.,Identification,0,0,39.6,0,0,,,,,,,,,,,,,,,,,
779,Surgical guide for an immediate denture,Provision of an appliance that indicates the final ridge contours following extraction of teeth prior to immediate denture insertion.,Inlay for denture tooth,0,0,0,0,0,,,,,,,,,,,,,,,,,
781,Obturator,That component of a maxillofacial prosthesis used to close or maintain the integrity of the oral and nasal compartments resulting from a congenital or acquired defect. For a surgical/interim obturator see item 782.,Surgical guide for an immed dent,0,0,0,0,0,,,,,,,,,,,,,,,,,
782,Surgical/interim obturator,A temporary maxillofacial prosthesis inserted during or immediately following surgical or traumatic loss of a portion or all of the maxilla and contiguous alveolar structures.,,,,,,,,,,,,,,,,,,,,,,,
783,Revision of surgical/interim obturator,Revision of a surgical/interim obturator during the ensuing post-surgical healing phase.,,,,,,,,,,,,,,,,,,,,,,,
785,Interim or diagnostic maxillofacial prosthesis,A provisional maxillofacial prosthesis delivered either at the time of surgery or soon after or during the rehabilitation phase of care to facilitate the design of the definitive prosthesis.,,,,,,,,,,,,,,,,,,,,,,,
786,Mandibular resection prosthesis,"A maxillofacial prosthesis used to maintain a functional position for the jaws, improve speech and deglutition following trauma and/or surgery to the mandible and/or adjacent structures.",,,,,,,,,,,,,,,,,,,,,,,
787,Extraoral prosthesis – ear,"An extraoral prosthesis that replaces an ear, retained by spectacles, adhesive or implants. The implants and attachments should be itemised separately.",,,,,,,,,,,,,,,,,,,,,,,
788,Extraoral prosthesis – nose,"An extraoral prosthesis that replaces the nose and/or parts of the midface, retained by spectacles, adhesive or implants. The implants and attachments should be itemised separately.",,,,,,,,,,,,,,,,,,,,,,,
789,Extraoral prosthesis – eye,"An extraoral prosthesis that replaces an eye, retained by spectacles, adhesive or implants. The implants and attachments should be itemised separately.",,,,,,,,,,,,,,,,,,,,,,,
790,Adjustment of a maxillofacial prosthesis,"Adjustment of a maxillofacial prosthesis to improve comfort, function or aesthetics. This item does not apply to routine adjustments following the insertion of the prosthesis.",,,,,,,,,,,,,,,,,,,,,,,
511,Metallic restoration – one surface – direct,Direct metallic restoration involving one surface of a tooth.,,,,,,,1,,,,,,,,,,,,,,,,
512,Metallic restoration – two surfaces – direct,Direct metallic restoration involving two surfaces of a tooth.,,,,,,,2,,,,,,,,,,,,,,,,
513,Metallic restoration – three surfaces – direct,Direct metallic restoration involving three surfaces of a tooth.,,,,,,,3,,,,,,,,,,,,,,,,
514,Metallic restoration – four surfaces – direct,Direct metallic restoration involving four surfaces of a tooth.,,,,,,,4,,,,,,,,,,,,,,,,
515,Metallic restoration – five surfaces – direct,Direct metallic restoration involving five surfaces of a tooth.,,,,,,,5,,,,,,,,,,,,,,,,
521,Adhesive restoration – one surface – anterior tooth – direct,"Direct restoration, using an adhesive technique and a tooth-coloured material, involving one surface of an anterior tooth.",Adhesive restoration -1 surf - anterior,230,65,123.95,65.5,10,1,,,,,,,,,,,,,,,,
522,Adhesive restoration – two surfaces – anterior tooth – direct,"Direct restoration, using an adhesive technique and a tooth-coloured material, involving two surfaces of an anterior tooth.",Adhesive restoration - 2 surfs - anterior,250,75,150.55,80.6,12.5,2,,,,,,,,,,,,,,,,
523,Adhesive restoration – three surfaces – anterior tooth – direct,"Direct restoration, using an adhesive technique and a tooth-coloured material, involving three surfaces of an anterior tooth.",Adhesive restoration. 3 surfs - anterior,280,90,178.3,90.6,14,3,,,,,,,,,,,,,,,,
524,Adhesive restoration – four surfaces – anterior tooth – direct,"Direct restoration, using an adhesive technique and a tooth-coloured material, involving four surfaces of an anterior tooth.",Adhesive restoration - 4 surfs - anterior,340,0,206.05,0,0,4,,,,,,,,,,,,,,,,
525,Adhesive restoration – five surfaces – anterior tooth – direct,"Direct restoration, using an adhesive technique and a tooth-coloured material, involving five surfaces of an anterior tooth.",Adhesive restoration - 5 surfs - anterior,430,0,242.15,0,0,5,,,,,,,,,,,,,,,,
526,Adhesive restoration – veneer – anterior tooth – direct,Direct bonding of a veneer of adhesive tooth-coloured material to the surface of an anterior tooth.,Adhesive restoration - veneer - anterior tooth - direct,500,0,242.15,0,0,5,,,,,,,,,,,,,,,,
531,Adhesive restoration – one surface – posterior tooth – direct,"Direct restoration, using an adhesive technique and a tooth-coloured material, involving one surface of a posterior tooth.",Adhes restoration -1 surf - posterior,230,68,132.5,69.2,11,1,,,,,,,,,,,,,,,,
532,Adhesive restoration – two surfaces – posterior tooth – direct,"Direct restoration, using an adhesive technique and a tooth-coloured material, involving two surfaces of a posterior tooth.",Adhesive restoration - 2 surfs - posterior,250,80,166.3,88.15,13.5,2,,,,,,,,,,,,,,,,
533,Adhesive restoration – three surfaces – posterior tooth – direct,"Direct restoration, using an adhesive technique and a tooth-coloured material, involving three surfaces of a posterior tooth.",Adhesive restoration - 3 surfs • posterior,280,96,199.9,107,16.5,3,,,,,,,,,,,,,,,,
534,Adhesive restoration – four surfaces – posterior tooth – direct,"Direct restoration, using an adhesive technique and a tooth-coloured material, involving four surfaces of a posterior tooth.",Adhesive restoration 4 surfs posterior,340,0,225.2,0,0,4,,,,,,,,,,,,,,,,
535,Adhesive restoration – five surfaces – posterior tooth – direct,"Direct restoration, using an adhesive technique and a tooth-coloured material, involving five surfaces of a posterior tooth.",Adhesive restoration - 5 surfs posterior,430,0,260.1,0,0,5,,,,,,,,,,,,,,,,
536,Adhesive restoration – veneer – posterior tooth – direct,Direct bonding of a veneer of adhesive tooth-coloured material to the surface of a posterior tooth.,Adhesive restoration - veneer - posterior tooth - direct,500,0,49.15,0,0,5,,,,,,,,,,,,,,,,
541,Metallic restoration – one surface – indirect,"Indirect metallic restoration, involving one surface of a tooth.",,,,,,,1,,,,,,,,,,,,,,,,
542,Metallic restoration – two surfaces – indirect,"Indirect metallic restoration, involving two surfaces of a tooth.",,,,,,,2,,,,,,,,,,,,,,,,
543,Metallic restoration – three surfaces – indirect,"Indirect metallic restoration, involving three surfaces of a tooth.",,,,,,,3,,,,,,,,,,,,,,,,
544,Metallic restoration – four surfaces – indirect,"Indirect metallic restoration, involving four surfaces of a tooth.",,,,,,,4,,,,,,,,,,,,,,,,
545,Metallic restoration – five surfaces – indirect,"Indirect metallic restoration, involving five surfaces of a tooth.",,,,,,,5,,,,,,,,,,,,,,,,
551,Tooth-coloured restoration – one surface – indirect,"Indirect tooth-coloured restoration, involving one surface of a tooth.",Tooth coloured restoration - 1 surface - indirect,0,0,730.85,0,0,,,,,,,,,,,,,,,,,
552,Tooth-coloured restoration – two surfaces – indirect,"Indirect tooth-coloured restoration, involving two surfaces of a tooth.",Inlay/onlay - tooth-coloured 2 surfaces,0,0,844.45,0,0,,,,,,,,,,,,,,,,,
553,Tooth-coloured restoration – three surfaces – indirect,"Indirect tooth-coloured restoration, involving three surfaces of a tooth.",Inlay/onlay - tooth-coloured 3/more surfs,0,0,1039.3,0,0,,,,,,,,,,,,,,,,,
554,Tooth-coloured restoration – four surfaces – indirect,"Indirect tooth-coloured restoration, involving four surfaces of a tooth.",,,,,,,,,,,,,,,,,,,,,,,
555,Tooth-coloured restoration – five surfaces – indirect,"Indirect tooth-coloured restoration, involving five surfaces of a tooth.",,,,,,,,,,,,,,,,,,,,,,,
556,Tooth-coloured restoration – veneer – indirect,The attachment of a tooth-coloured veneer to the surface of a tooth. The veneer is constructed indirectly.,Tooth-coloured restoration veneer indirect,2200,0,893.65,0,0,,,,,,,,,,,,,,,,,
571,Adaptation of new restoration to existing removable prosthesis – per tooth,Used in conjunction with restorative services where adaptation of the new restoration is required to accommodate the seating and/or retention of an existing removable prosthesis.,Adaptation of new restoration to existing removable prosthesis per tooth,0,0,0,0,0,,,,,,,,,,,,,,,,,
572,Provisional/interim restoration – per tooth,The provisional (interim) restoration of a tooth designed to last until the definitive restoration can be constructed or the tooth is removed.,Recement Inlay,70,0,52.35,0,0,,,,,,,,,,,,,,,,,
574,Metal band,The cementation of a metal band for diagnostic or protective purposes or for the placement of a provisional (intermediate) restoration.,Temporary Restoration,80,0,44.15,0,0,,,,,,,,,,,,,,,,,
575,Pin retention – per pin,Use of a pin to aid the retention and support of direct or indirect restorations in a tooth.,Pin retention - per pin,25,20,30.15,16.45,2.5,,,,,,,,,,,,,,,,,
577,Cusp capping – per cusp,Used in conjunction with items describing direct or indirect restorations of posterior teeth that are formed in such a manner as to restore the anatomical or functional height of a cusp.,Cusp capping - per cusp,50,0,32.55,0,0,,,,,,,,,,,,,,,,,
578,Restoration of an incisal corner – per corner,Used in conjunction with items describing direct or indirect restorations of anterior teeth that are formed in such a way as to restore the anatomical or functional shape of an incisal corner.,Restoration incisal corner - per corner,60,0,32.55,0,0,,,,,,,,,,,,,,,,,
579,Bonding of tooth fragment,The direct bonding of a tooth fragment as an alternative to placing a restoration.,,,,,,,,,,,,,,,,,,,,,,,
586,Preformed Full Crown – metallic – significant tooth preparation,Placing a preformed metallic crown as a coronal restoration for a tooth where significant tooth preparation is required.,Crown metallic with tooth preparation preformed,0,0,276.05,0,0,,,,,,,,,,,,,,,,,
587,Preformed Full Crown – metallic – minimal tooth preparation,"Placing a preformed metallic crown as a coronal restoration for a tooth where minimal or no preparation of the tooth is required, referred to as the 'Hall' technique.",Crown metallic minimal tooth preparation preformed,0,0,163.8,0,0,,,,,,,,,,,,,,,,,
588,Preformed Full Crown – tooth-coloured,Placing a preformed tooth-coloured crown as a coronal restoration for a tooth.,Crown tooth-coloured preformed,0,0,276.05,0,0,,,,,,,,,,,,,,,,,
595,Removal of indirect restoration,"The removal of a currently cemented definitive indirect restoration, which may be subsequently reinserted.",Removal of inlay/onlay,100,0,104.05,0,0,,,,,,,,,,,,,,,,,
596,Recementing of indirect restoration,Recementing a previously cemented indirect restoration.,Recementing of inlay/onlay,0,55,85.05,0,0,,,,,,,,,,,,,,,,,
597,Post – direct,Insertion of a post into a prepared root canal to provide an anchor for an artificial crown or other restoration.,Post - direct,150,0,160.9,102.25,16,,,,,,,,,,,,,,,,,
598,Restoration root capping – direct,A direct restoration of the root of a decoronated tooth. Not to be used with 577.,,,,,,,,,,,,,,,,,,,,,,,
411,Direct pulp capping,A procedure where an exposed pulp is directly covered with a protective dressing or cement.,Direct pulp capping,65,18,37.5,0,0,,,,,,,,,,,,,,,,,
412,Incomplete endodontic therapy (tooth not suitable for further treatment),A procedure where in assessing the suitability of a tooth for endodontic treatment a decision is made that the tooth is not suitable for restoration. Temporisation is itemised separately.,Incomplete Endodontic Therapy (inop or frac tooth),0,0,128.25,0,0,,,,,,,,,,,,,,,,,
414,Pulpotomy,Amputation of part of the pulp. The pulp remaining is then covered with a protective dressing or cement.,Pulpotomy,320,41,81.7,41.4,6.5,,,,,,,,,,,,,,,,,
415,Complete chemo-mechanical preparation of root canal – one canal,"Complete chemo-mechanical preparation, including removal of pulp or necrotic debris from a canal.",Compl chemo-mech prep root canal 1 can,300,115,230,130.9,20.5,,,,,,,,,,,,,,,,,
416,Complete chemo-mechanical preparation of root canal – each additional canal,"Complete chemo-mechanical preparation, including removal of pulp or necrotic debris from each additional canal of a tooth with multiple canals.",Compl chemo-mech prep root canal add,200,46,109.6,45.35,7,,,,,,,,,,,,,,,,,
417,Root canal obturation – one canal,"The filling of a root canal, following chemo-mechanical preparation.",Root canal obturation - 1 canal,300,148,224.1,106.05,16.5,,,,,,,,,,,,,,,,,
418,Root canal obturation – each additional canal,"The filling, following chemo-mechanical preparation, of each additional canal in a tooth with multiple canals.",Root canal obturation - each add,200,52,104.8,25.15,4,,,,,,,,,,,,,,,,,